<?xml version="1.0" ?>
<manifest identifier="RusticiSoftwareSCORMDriverTemplate" version="1"
       xmlns="http://www.imsproject.org/xsd/imscp_rootv1p1p2"
       xmlns:adlcp="http://www.adlnet.org/xsd/adlcp_rootv1p2"
       xmlns:xsi="http://www.w3.org/2001/XMLSchema-instance"
       xsi:schemaLocation="http://www.imsproject.org/xsd/imscp_rootv1p1p2 imscp_rootv1p1p2.xsd
                           http://www.imsglobal.org/xsd/imsmd_rootv1p2p1 imsmd_rootv1p2p1.xsd
                           http://www.adlnet.org/xsd/adlcp_rootv1p2 adlcp_rootv1p2.xsd">
	<metadata>
		<schema>ADL SCORM</schema>
		<schemaversion>1.2</schemaversion>
		<adlcp:location>metadata.xml</adlcp:location> 
	</metadata>
	<organizations default="B0">
		<organization identifier="B0">
			
			<!--****** Title ******-->
			<title>Data Structures and Algorithms: Sorting Algorithms</title> 
			
			<item identifier="i1" identifierref="r1" isvisible="true">
				
				<!--****** Title ******-->

				<title>Data Structures and Algorithms: Sorting Algorithms</title> 
			</item>	
		</organization>
	</organizations>
	<resources>
		<resource identifier="r1" type="webcontent" adlcp:scormtype="sco" href="scormdriver/indexAPI.html">
			 <file href="scormdriver/indexAPI.html" />
				<file href="LICENSE.txt" />
	            <file href="readme.txt" />
	 			<file href="scormcontent/index.html" />
				<file href="scormcontent/overview.html" />
				<file href="scormcontent/activity.html" />
				<file href="scormcontent/bubbleSort.html" />
				<file href="scormcontent/insertionSort.html" />
				<file href="scormcontent/quickSort.html" />
				<file href="scormcontent/algorithmsInAction.html" />
				<file href="scormcontent/assessment.html" />
				<file href="scormcontent/css/bootstap.css" />
				<file href="scormcontent/css/bootstap.css.map" />
				<file href="scormcontent/css/bootstap.min.css" />
				<file href="scormcontent/css/bootstap.min.css.map" />
				<file href="scormcontent/css/bootstap-theme.css" />
				<file href="scormcontent/css/bootstap-theme.css.map" />
				<file href="scormcontent/css/bootstap-theme.min.css" />
				<file href="scormcontent/css/bootstap-theme.min.css.map" />
				<file href="scormcontent/css/style.css" />
				<file href="scormcontent/fonts/glyphicons-halflings-regular.eot" />
				<file href="scormcontent/fonts/glyphicons-halflings-regular.svg" />
				<file href="scormcontent/fonts/glyphicons-halflings-regular.ttf" />
				<file href="scormcontent/fonts/glyphicons-halflings-regular.woff" />
				<file href="scormcontent/fonts/glyphicons-halflings-regular.woff2" />
				<file href="scormcontent/img/dsa.png" />
				<file href="scormcontent/img/Easy-split_Hard-merge.png" />
				<file href="scormcontent/img/essex.png" />
				<file href="scormcontent/img/Hard-split_Easy-merge.png" />
				<file href="scormcontent/img/not-a-sorting-algorithm.png" />
				<file href="scormcontent/js/algorithmsInAction.js" />
				<file href="scormcontent/js/bootstap.js" />
				<file href="scormcontent/js/bootstap.min.js" />
				<file href="scormcontent/js/dragDropActivity.js" />
				<file href="scormcontent/js/jquery.js" />
				<file href="scormcontent/js/jquery.ui.touch-punch.min.js" />
				<file href="scormcontent/js/jquery-ui.min.js" />
				<file href="scormcontent/js/quiz.js" />
				<file href="scormcontent/js/textTools.js" />
	 			<file href="scormdriver/AICCComm.html" /> 
	 			<file href="scormdriver/auto-scripts/AutoBookmark.js" /> 
	 			<file href="scormdriver/auto-scripts/AutoCompleteSCO.js" /> 
	 			<file href="scormdriver/auto-scripts/CourseExit.js" /> 
	 			<file href="scormdriver/blank.html" /> 
	 			<file href="scormdriver/goodbye.html" /> 
	 			<file href="scormdriver/scormdriver.js" />
				<file href="scormdriver/browsersniff.js" />
		</resource>
	</resources>
</manifest>
